Lead,Approval Decision
Tyree TERRY,APPROVED
Ansel WOOD,REJECTED
Ludwig DIAZ,APPROVED
Mack ARELLANO,APPROVED
Judy HENDRICKS,REJECTED
Wilfredo NORMAN,REJECTED
Christine BENITEZ,APPROVED
Urban KENNEDY,REJECTED
Ignacio SIMS,REJECTED
Columbus STEVENSON,REJECTED
Nicky DOWNS,REJECTED
Lorine LUCERO,REJECTED
Lisette NICHOLSON,REJECTED
Bonita ARMSTRONG,APPROVED
Vincenzo THOMPSON,APPROVED
Lashawn DURHAM,REJECTED
Rose HOFFMAN,REJECTED
Vivien SOLOMON,REJECTED
Luann SHANNON,REJECTED
Pam MEDINA,APPROVED
Paige STEPHENS,APPROVED
Ila BUTLER,APPROVED
Teena YATES,REJECTED
Russel PACE,REJECTED
Edyth BAILEY,REJECTED
Brynn MONTES,REJECTED
Bobby TODD,APPROVED
Sonia DUARTE,APPROVED
Dario MOLINA,REJECTED
Ryder VARGAS,APPROVED
Darell BEARD,REJECTED
Sybil ROSARIO,APPROVED
Everett SCHMIDT,APPROVED
Marcellus NEWTON,APPROVED
Elida HESTER,REJECTED
Adolf SALAZAR,APPROVED
Phylis MAYER,REJECTED
Adrianna GARRETT,REJECTED
Gisselle HOOD,REJECTED
Christopher PONCE,APPROVED
Verdie BARRERA,REJECTED
Ken GRAHAM,REJECTED
Francisca MARKS,REJECTED
Horatio PEREZ,APPROVED
Jordan DAWSON,APPROVED
Karie KNIGHT,APPROVED
Cassandra MCDOWELL,REJECTED
Deangelo LARA,REJECTED
Ewald CAREY,REJECTED
Rylie BARNES,REJECTED
Angie STOUT,APPROVED
Benjamin CLEMENTS,REJECTED
Thalia MORRISON,APPROVED
Franco HESS,APPROVED
Lara SOSA,REJECTED
Brenda BARTLETT,REJECTED
Willard PERKINS,REJECTED
Abbey TERRELL,REJECTED
Burnell ADKINS,REJECTED
Penny HENDRICKS,APPROVED
John ROBBINS,REJECTED
Efrain BRADLEY,REJECTED
Zoey RHODES,REJECTED
Agatha SANDOVAL,REJECTED
Lorena BRADY,APPROVED
Cayla STONE,REJECTED
Ruel NICHOLSON,APPROVED
Devon REILLY,REJECTED
Jamison JIMENEZ,REJECTED
Marina HUBER,REJECTED
Ina SCHNEIDER,REJECTED
Tamia BOYD,APPROVED
Judah FLETCHER,REJECTED
Crystal GILMORE,APPROVED
Annabell BRIGGS,REJECTED
Claude BRAUN,APPROVED
Jerilyn GRAVES,APPROVED
Geralyn KOCH,APPROVED
Judd CHRISTIAN,REJECTED
Chin WELLS,APPROVED
Almeta BONILLA,REJECTED
Najee CARPENTER,REJECTED
Burdette HANEY,REJECTED
Paris FOSTER,REJECTED
Kirsten LEACH,APPROVED
Piper GEORGE,APPROVED
Karlie BALDWIN,REJECTED
Tania MARSH,APPROVED
Hoyt LARSON,REJECTED
Akeem BATES,REJECTED
Osa BECK,APPROVED
Cora SNOW,APPROVED
Zoa REYNOLDS,APPROVED
Diann HANSON,REJECTED
Mervyn JOHNS,REJECTED
Judson TAPIA,REJECTED
Newton WALLACE,APPROVED
Khalid KRAUSE,REJECTED
Angelique TATE,REJECTED
Hyman BEAN,APPROVED
Emilee BENTON,REJECTED
Monte OLSEN,REJECTED
Ernst LAWSON,REJECTED
Linton MCGUIRE,APPROVED
Tomeka BUCHANAN,APPROVED
Wilfrid HOGAN,REJECTED
Josephine CONWAY,APPROVED
Wayde BRIGGS,REJECTED
Diamond WRIGHT,REJECTED
Melody HARVEY,REJECTED
Zachery TOWNSEND,APPROVED
Angela MAYO,REJECTED
Giovanni MOODY,REJECTED
Vilma GOODMAN,APPROVED
Santina AVERY,APPROVED
Morgan ROWLAND,APPROVED
Parthenia HANNA,REJECTED
Buddie HODGE,REJECTED
Ashli LI,REJECTED
Jadyn CLARK,REJECTED
Kay HOOPER,APPROVED
Thaddeus TODD,APPROVED
Gay STEPHENS,REJECTED
Vira GILL,REJECTED
Nyasia ALI,APPROVED
Hermine COLEMAN,REJECTED
Allison HAWKINS,REJECTED
Jonnie WILSON,REJECTED
Vertie DODSON,REJECTED
Stan STEPHENSON,APPROVED
Arminta FRIEDMAN,REJECTED
Tab LINDSEY,REJECTED
Alfredo ESTRADA,REJECTED
Chasity IBARRA,REJECTED
Laurette STEELE,APPROVED
Raymundo VILLARREAL,APPROVED
Valeria HARDY,REJECTED
Adolph ZUNIGA,REJECTED
Elouise ARROYO,APPROVED
Mario BARRERA,APPROVED
Milan MORROW,REJECTED
Henrietta HENRY,REJECTED
Sim HAYES,REJECTED
Lorne PETERS,APPROVED
Chrystal WEBER,REJECTED
Meaghan WILKINSON,APPROVED
Mitch FARLEY,REJECTED
Lacy DAWSON,REJECTED
Gunnar FINLEY,REJECTED
Rosalind WEBSTER,APPROVED
Christa CARTER,REJECTED
Reyna ACEVEDO,APPROVED
Mellisa BAXTER,APPROVED
Micheal FRANCO,REJECTED
Camryn MCKNIGHT,APPROVED
Davis BOOKER,REJECTED
Alyse TATE,REJECTED
Jared AYALA,REJECTED
Annetta MCDOWELL,REJECTED
Elder EVERETT,REJECTED
Florence HORTON,REJECTED
Rexford RAMSEY,REJECTED
Ali RANDOLPH,REJECTED
Kimberlee WHITE,REJECTED
Colette MEADOWS,APPROVED
Sonia FREDERICK,APPROVED
Alvie CLEMENTS,REJECTED
Misty CRAWFORD,REJECTED
Danita PERKINS,REJECTED
Jamie CHOI,REJECTED
Lavar ROMERO,REJECTED
Gigi JUAREZ,REJECTED
Chandler VINCENT,APPROVED
Tatyana LOPEZ,REJECTED
Janey WAGNER,REJECTED
Raleigh MURRAY,APPROVED
Randall MCLEAN,REJECTED
Jamaal HERRERA,REJECTED
Taft BUTLER,REJECTED
Shante HARPER,APPROVED
Ima JUAREZ,APPROVED
Theron WELCH,APPROVED
Orin RANDALL,APPROVED
Kaleigh LAWSON,APPROVED
Kurtis MEADOWS,APPROVED
Braedon MATTHEWS,REJECTED
Washington HICKS,APPROVED
Benjamin ESCOBAR,REJECTED
Therese HARRIS,APPROVED
Kurtis PITTMAN,REJECTED
Carin MITCHELL,APPROVED
Nasir HARDIN,APPROVED
Kathlyn GLOVER,REJECTED
Sena BAUER,REJECTED
Ali KENNEDY,APPROVED
Nena GOODMAN,REJECTED
Mabelle VELAZQUEZ,REJECTED
Matthias JENSEN,REJECTED
Willian SIMPSON,REJECTED
Kipp FINLEY,REJECTED
Carrol KING,REJECTED
Tobias HARRELL,APPROVED
Taniyah BOWEN,REJECTED
Lige HOWE,REJECTED
Babette VELAZQUEZ,APPROVED
Rickey HAYDEN,REJECTED
Stephany CONWAY,APPROVED
Dessie BEAN,REJECTED
Willene GRIFFITH,REJECTED
Dayton ARROYO,APPROVED
Jamie ASHLEY,REJECTED
Katharine SIMMONS,REJECTED
Jillian HAMMOND,REJECTED
Christina LEBLANC,REJECTED
Savannah WARE,REJECTED
Niki HESS,APPROVED
Nyla SNYDER,APPROVED
Jailene VALDEZ,APPROVED
Elyse MARSHALL,APPROVED
Derrick KERR,APPROVED
Jalyn WHEELER,REJECTED
Windell WATTS,REJECTED
Sal CHRISTENSEN,REJECTED
Drucilla BAIRD,APPROVED
Nada HUFFMAN,APPROVED
Tevin OCONNELL,REJECTED
Chaya HICKMAN,REJECTED
Kolby FITZPATRICK,REJECTED
Tiffanie HINTON,REJECTED
Arlo GOLDEN,REJECTED
Tre BARNES,REJECTED
Antoinette MORGAN,REJECTED
Randolph HARPER,REJECTED
Madyson HALL,REJECTED
Eldridge FRANCO,REJECTED
Sina COWAN,REJECTED
Jennie RIVERA,REJECTED
Mari HOLDEN,REJECTED
Delisa BERGER,REJECTED
Blanche TATE,APPROVED
Martell STAFFORD,APPROVED
Thelma CAIN,APPROVED
Karlie GROSS,REJECTED
Calvin GILES,REJECTED
Pershing FOX,APPROVED
Newt REILLY,REJECTED
Ashely MATA,REJECTED
Aubrey MCKEE,REJECTED
Frank BENTLEY,REJECTED
Jazlyn ROSE,REJECTED
Willie ALI,REJECTED
Phoenix LAM,REJECTED
Aldo MOSS,REJECTED
Rayford VELAZQUEZ,APPROVED
Tod STEPHENS,APPROVED
Bonnie CALLAHAN,APPROVED
Mcarthur CASTRO,APPROVED
Mia PACE,REJECTED
Vera FRANKLIN,APPROVED
Judy BEAN,REJECTED
Eli MILES,APPROVED
Oren HICKMAN,APPROVED
Butler ANDERSON,APPROVED
Jazlyn HOUSE,APPROVED
Virgle GRAVES,REJECTED
Hildred MCCULLOUGH,REJECTED
Rowan BERGER,REJECTED
Loni BAUTISTA,APPROVED
Augusta BRIDGES,APPROVED
Ashli TURNER,APPROVED
Itzel ANDERSON,REJECTED
Gaye BLAKE,REJECTED
Savannah CASTRO,REJECTED
Louie FRANCIS,REJECTED
Cari CAREY,REJECTED
Renee SCHNEIDER,REJECTED
Robbin POPE,REJECTED
Alma CAMPBELL,REJECTED
Peggie BOLTON,APPROVED
Roxana PATEL,REJECTED
Von MALDONADO,REJECTED
Marisol ALVAREZ,APPROVED
Celina GAINES,APPROVED
Estrella LANE,REJECTED
Earlie SMALL,REJECTED
Lakeisha PINEDA,REJECTED
Aryana TUCKER,REJECTED
Admiral SOLOMON,APPROVED
Carma KELLER,REJECTED
Marcel BARR,REJECTED
Alexander SHIELDS,REJECTED
Kaylah SAMPSON,APPROVED
Emory CANTU,APPROVED
Lee GIBBS,APPROVED
Reynaldo BENDER,REJECTED
Arvin GAY,REJECTED
Maryann MOORE,REJECTED
Darci BAUTISTA,APPROVED
Vivienne MCLEAN,APPROVED
Trinity WAGNER,REJECTED
Hosie ESTRADA,REJECTED
Aurora HANSEN,REJECTED
Rubye DECKER,REJECTED
Jaylene ROBLES,APPROVED
Virginia DICKSON,REJECTED
Naoma DURHAM,REJECTED
Leif DONALDSON,APPROVED
Abigail BOYLE,REJECTED
Madeline WILLIAMS,APPROVED
Emeline HODGES,APPROVED
Dewey KNIGHT,REJECTED
Ada CISNEROS,REJECTED
Cheri SHERMAN,REJECTED
Judith KIM,REJECTED
Sarai NGUYEN,REJECTED
Lissette POTTER,REJECTED
Sara SHEA,REJECTED
Rylee HORNE,REJECTED
Loraine MAYO,REJECTED
Talon BLEVINS,APPROVED
Newell CARR,REJECTED
Lee HULL,REJECTED
Tonya DELEON,REJECTED
Eddie GARDNER,REJECTED
Titus FOWLER,REJECTED
Taniya DAVILA,APPROVED
Mia MACDONALD,APPROVED
Ashtyn STOKES,APPROVED
Krista HAMILTON,REJECTED
Lu JACOBSON,REJECTED
Verlyn TATE,APPROVED
Maye LYNN,APPROVED
Bridget PAGE,REJECTED
Marlee RUSSELL,APPROVED
Lynn WERNER,REJECTED
Miles ZAMORA,APPROVED
Desiree WEST,REJECTED
Cassie DUKE,REJECTED
Jessi CARTER,REJECTED
Tamie HILL,REJECTED
Reginald KAISER,APPROVED
Janay MILLS,REJECTED
Wanda HODGES,REJECTED
Bedford GENTRY,APPROVED
Romona CHEN,REJECTED
Laci WARE,APPROVED
Willam LAWSON,REJECTED
Korbin RANDALL,REJECTED
Hedy ORTEGA,APPROVED
Alyssa HAMPTON,REJECTED
Elzie BRUCE,APPROVED
Aryanna RIVERA,REJECTED
Neal SPEARS,REJECTED
Rasheed BERRY,APPROVED
Sandi LUCAS,REJECTED
Glenna MAY,REJECTED
Mozelle WILKINSON,REJECTED
River MCNEIL,REJECTED
Idella GREGORY,REJECTED
Joy PHAM,REJECTED
Kailee SINGH,REJECTED
Halle LIVINGSTON,REJECTED
Wilhelmine MIRANDA,APPROVED
Devonte GARCIA,REJECTED
Glen PATTON,APPROVED
Lauretta MANN,REJECTED
Deangelo LEE,APPROVED
Genesis PITTS,REJECTED
Arnoldo VALENZUELA,APPROVED
Rozella BARBER,APPROVED
Rosario MCCLAIN,REJECTED
Brenton ALEXANDER,REJECTED
Leora FARMER,REJECTED
Matthew DUNCAN,APPROVED
Houston LANDRY,REJECTED
Nasir GALLAGHER,REJECTED
Hobart CHEN,REJECTED
Lanette HARMON,REJECTED
Isaak CHURCH,REJECTED
Corey SELLERS,REJECTED
Lazaro MCKEE,APPROVED
Sheridan BURNETT,REJECTED
Tameka HICKS,REJECTED
Arizona ALLISON,REJECTED
Trey MORENO,APPROVED
Ruthie WELLS,REJECTED
Deonte BENITEZ,REJECTED
Ashtyn DOMINGUEZ,REJECTED
Katelyn ALI,REJECTED
Raphael MARTIN,APPROVED
Gearld VILLA,REJECTED
Desirae BRADFORD,APPROVED
Jordan JAMES,REJECTED
Waneta RUSSO,REJECTED
Aggie ROGERS,REJECTED
Eve KRAMER,REJECTED
Kristopher FRANCIS,REJECTED
Carmen HAYES,REJECTED
Ula CARDENAS,REJECTED
Tara ELLIOTT,APPROVED
Gottlieb STEVENS,REJECTED
Lum NEAL,REJECTED
Mckayla NELSON,REJECTED
Ephraim TORRES,APPROVED
Lolita MAXWELL,REJECTED
Bernie ANDREWS,REJECTED
Grant SPENCER,REJECTED
Hamilton PROCTOR,REJECTED
Lulu ZIMMERMAN,REJECTED
Karin ARELLANO,APPROVED
Barbara PITTMAN,REJECTED
Garland MACDONALD,APPROVED
Annabella FARRELL,APPROVED
Nanette KNOX,REJECTED
Armani SIMON,APPROVED
Deanna PITTMAN,REJECTED
Tommy HAHN,REJECTED
Howard LONG,APPROVED
Jonah SHEA,APPROVED
Rashawn ROBBINS,APPROVED
Micky KNAPP,REJECTED
Casimer GIBBS,APPROVED
Crystal BLAIR,REJECTED
Cale RAY,APPROVED
Alia SUMMERS,REJECTED
Dandre CRAWFORD,REJECTED
Nakia WOOD,REJECTED
Colt KOCH,REJECTED
Hiram DAVIES,REJECTED
Russ MCCLURE,APPROVED
Alfred HARDY,REJECTED
Jeana MCBRIDE,REJECTED
Alice WAGNER,REJECTED
Dorothea RICE,REJECTED
Kari CHAMBERS,REJECTED
George RASMUSSEN,APPROVED
Jayden SHEA,REJECTED
Brandyn OLSON,REJECTED
Priscilla SANFORD,APPROVED
Rita ROGERS,APPROVED
Lavern SHEPPARD,APPROVED
Ruthie ELLIS,APPROVED
Delmar LAWRENCE,REJECTED
Yoshiko MERCADO,APPROVED
Birdie HANEY,REJECTED
Franklin GRAY,REJECTED
Eulalia FISHER,APPROVED
Mari GOODMAN,APPROVED
Jayne STEELE,REJECTED
Wilson HARRELL,REJECTED
Jenelle PUGH,REJECTED
Brandy PARKS,REJECTED
Adrianne MCMAHON,APPROVED
Anthony PACE,APPROVED
Barney ARCHER,REJECTED
Clint ROBERTS,REJECTED
Ossie SHAH,REJECTED
Jakayla CARDENAS,APPROVED
Winfred MERCADO,REJECTED
Kelsie MATHEWS,APPROVED
Chandra MAXWELL,REJECTED
Larkin BRANDT,APPROVED
Doshie MORTON,REJECTED
Devonte WHITNEY,REJECTED
Duane COFFEY,APPROVED
Elvira AGUIRRE,REJECTED
Deidre OSBORNE,REJECTED
Bertie DYER,REJECTED
Elizabeth LEE,REJECTED
Brook KOCH,REJECTED
Johnie CISNEROS,REJECTED
Chanda HERNANDEZ,REJECTED
Archibald HARTMAN,APPROVED
Latisha TUCKER,REJECTED
May CHRISTIAN,APPROVED
Jeremy CHRISTENSEN,REJECTED
Jonas PROCTOR,REJECTED
Noble HUFF,REJECTED
Ronald MORAN,REJECTED
Noe GROSS,REJECTED
Handy ELLIS,REJECTED
Adrienne OROZCO,APPROVED
Alivia NORMAN,REJECTED
Elisa TERRY,REJECTED
Ferdinand GAMBLE,REJECTED
Nannette LUCAS,APPROVED
Durwood HERRING,REJECTED
Debby HORNE,APPROVED
Alva STOKES,REJECTED
Evelyn WEST,REJECTED
Jonah ROBERTS,REJECTED
Marceline DYER,REJECTED
Freda TUCKER,APPROVED
Myah RITTER,REJECTED
Larissa COOKE,REJECTED
Halie WOODWARD,REJECTED
Alysa ALEXANDER,REJECTED
Emelia WALL,REJECTED
Harmon DOUGHERTY,REJECTED
Wash MARTIN,REJECTED
Loyce CLAY,REJECTED
Rylan BUCKLEY,REJECTED
Betty WEISS,REJECTED
Julie FARLEY,REJECTED
Reina CURRY,REJECTED
Halle HAHN,REJECTED
Goldia WILEY,REJECTED
Kimberly GORDON,REJECTED
Roma SHARP,APPROVED
Liddie CHANDLER,REJECTED
Lottie CHAVEZ,REJECTED
Clifford CUEVAS,APPROVED
Manie ORR,APPROVED
Frances BOOTH,REJECTED
Karin POPE,REJECTED
Cheryl KAISER,REJECTED
Pinkney SANDOVAL,APPROVED
Brianne BROCK,APPROVED
Berniece CASTRO,REJECTED
Lauryn FLEMING,REJECTED
Hilliard FULLER,REJECTED
Avie CHEN,APPROVED
Betsy SPENCER,APPROVED
Alvena JOHNSON,APPROVED
Sophie BRIGHT,REJECTED
Golden WADE,APPROVED
Elma DILLON,REJECTED
Bailey DALTON,APPROVED
Sylvester BLEVINS,REJECTED
Raymond PENA,REJECTED
Dori BAILEY,REJECTED
Candis MONTES,APPROVED
Garrison WHITNEY,REJECTED
Lota CHARLES,REJECTED
Brittney TREVINO,REJECTED
Leta BURNS,APPROVED
Ivey GROSS,APPROVED
Augustus WILSON,APPROVED
Hertha HUBBARD,REJECTED
Donna JOHNS,REJECTED
Verlyn LOVE,REJECTED
Rupert PARKER,APPROVED
Ahmad BOONE,REJECTED
Bailey PATEL,APPROVED
Jeri BELTRAN,APPROVED
Karrie BLAIR,REJECTED
Leonie GRIFFIN,REJECTED
Lisa MCMAHON,APPROVED
Gearldine MCMAHON,REJECTED
Merle PACHECO,REJECTED
Elvis UNDERWOOD,REJECTED
Loretta TAYLOR,REJECTED
Elwin ALVARADO,REJECTED
Lissette THORNTON,REJECTED
Vinnie POTTS,REJECTED
Lorine WALLS,APPROVED
Dennie HAYS,APPROVED
Tinnie MASSEY,APPROVED
Wright BALLARD,REJECTED
Christeen GRAY,APPROVED
Milford MURILLO,REJECTED
Campbell CLEMENTS,REJECTED
Audrey GRAY,REJECTED
Kiel MORSE,APPROVED
Stoney REESE,REJECTED
Benjamine THOMPSON,REJECTED
Debora FRITZ,REJECTED
Jaylyn ZUNIGA,REJECTED
Julie HANCOCK,REJECTED
Denise HAMPTON,APPROVED
Keenan FLORES,REJECTED
Duke WONG,REJECTED
Diamond HAWKINS,REJECTED
Wylie STANLEY,REJECTED
Antonia BRIGHT,APPROVED
Agustin JACKSON,REJECTED
Deanna PERRY,APPROVED
Sadie STAFFORD,APPROVED
Theo MCINTOSH,REJECTED
Josefa ROSS,REJECTED
Keyon CHARLES,REJECTED
Guillermo LIVINGSTON,REJECTED
Walker ARIAS,REJECTED
Grayson LOGAN,APPROVED
Marian LEON,APPROVED
Maya TRAN,REJECTED
Kaitlyn WALTON,APPROVED
Devon WALTER,REJECTED
Jonathan HUBBARD,REJECTED
Jarrett FRANKLIN,REJECTED
Zelia STEIN,APPROVED
Rubie RYAN,REJECTED
Jesse BLACKBURN,REJECTED
Arnoldo WYATT,REJECTED
Cason CONTRERAS,REJECTED
Erwin HARVEY,REJECTED
Pearl STAFFORD,REJECTED
Paul WILKINS,REJECTED
Jarrod MCCONNELL,REJECTED
Journey CARSON,APPROVED
Candida RICHARDS,APPROVED
Santana HEBERT,REJECTED
Josiah WOLFE,APPROVED
Chloe JEFFERSON,REJECTED
Herschel BARKER,REJECTED
Infant WATERS,REJECTED
Myranda RICHARD,APPROVED
Tamie RITTER,REJECTED
Emmer RODGERS,APPROVED
Marie BURNETT,APPROVED
Carlyle MADDEN,APPROVED
Demarco IBARRA,REJECTED
Oliver MCCORMICK,APPROVED
Areli BREWER,REJECTED
Larissa CARTER,REJECTED
Devin BURGESS,APPROVED
Lea MONROE,APPROVED
Marlin GAY,REJECTED
Saul MCBRIDE,REJECTED
Crystal BYRD,REJECTED
Merna GREGORY,REJECTED
Braedon PRATT,REJECTED
Baby KENNEDY,REJECTED
Ella BENSON,REJECTED
Jarod LEWIS,REJECTED
Aaron MICHAEL,REJECTED
Carisa FERGUSON,REJECTED
Malachi PENA,APPROVED
Riley LAWRENCE,REJECTED
Christel BECK,APPROVED
Finn HESS,REJECTED
Wayne REED,REJECTED
Ester BANKS,REJECTED
Ernestina STARK,REJECTED
Rodrigo VELAZQUEZ,APPROVED
Johnathon ROWLAND,APPROVED
Levy CHAVEZ,APPROVED
Fate SOSA,REJECTED
Bradly SHANNON,REJECTED
Peter ALLISON,REJECTED
Hulda PERRY,REJECTED
Concepcion DIAZ,REJECTED
Nickolas SHEA,APPROVED
Joy WATTS,APPROVED
Casimir MCCARTHY,APPROVED
Lavina YANG,REJECTED
Nina MADDEN,REJECTED
Tosha GUERRERO,APPROVED
Rashida SCHMITT,REJECTED
Delvin GUERRERO,REJECTED
Annamarie MCNEIL,APPROVED
Lottie BLAKE,APPROVED
Tennille GARDNER,REJECTED
Sharyn BEST,REJECTED
Lesli MORRIS,APPROVED
Finis ARELLANO,REJECTED
Ole BELL,REJECTED
Aniya BENDER,REJECTED
Neta SWANSON,APPROVED
Eliezer BRADLEY,APPROVED
Ernie DONALDSON,APPROVED
Clair CHAN,REJECTED
Arla LAWSON,APPROVED
Butch GROSS,APPROVED
Alpha MEDINA,REJECTED
Lafayette LANE,APPROVED
Alice HICKS,APPROVED
Dwane MONTOYA,APPROVED
Tanisha GREER,REJECTED
Vonda POWELL,APPROVED
Ahmed SCHAEFER,REJECTED
Hampton CRANE,REJECTED
Dayanara KRAUSE,REJECTED
Vernon CONNER,APPROVED
Constantine BUSH,APPROVED
Deja RICHMOND,REJECTED
Courtney COBB,REJECTED
Mart DALTON,REJECTED
Bennie SALINAS,REJECTED
Maira POTTER,APPROVED
Brian NELSON,REJECTED
Nickolas MELTON,REJECTED
Georgeann RAY,REJECTED
Jory CLAY,REJECTED
Rilla BELTRAN,REJECTED
Brenna HORTON,REJECTED
Jack HARRISON,APPROVED
Haden BURKE,REJECTED
Naoma HOOD,REJECTED
Burton NORTON,APPROVED
Phoenix BURTON,REJECTED
Orie SNOW,REJECTED
Woody ESTES,REJECTED
Loretta BRADY,REJECTED
Coty BENTLEY,REJECTED
Jayden BASS,REJECTED
Reanna MALONE,REJECTED
Janel FRITZ,REJECTED
Lowell MONTES,REJECTED
Monroe BOND,APPROVED
Joanne MCDOWELL,APPROVED
Alfred CASTRO,APPROVED
Harris SANDOVAL,REJECTED
Hakeem LAMB,REJECTED
Ina LIN,APPROVED
Caryn NICHOLSON,REJECTED
Nathalie CUEVAS,REJECTED
Boris BAUER,REJECTED
Arvil GILMORE,REJECTED
Edgar HANCOCK,REJECTED
Haywood GRIFFIN,REJECTED
Lafayette MCMILLAN,APPROVED
Jeanine HOUSTON,REJECTED
Loren RILEY,REJECTED
Gaylon UNDERWOOD,APPROVED
Dalton DELACRUZ,APPROVED
Leta GIBBS,REJECTED
Yoshio JEFFERSON,APPROVED
Marlon CHASE,APPROVED
Arno DURHAM,REJECTED
Hedy ESCOBAR,REJECTED
Bernita ELLIS,APPROVED
Gabe GRAY,REJECTED
Chris COWAN,REJECTED
Mallory BRAY,REJECTED
Kathlyn BOWMAN,REJECTED
Lenny ROTH,REJECTED
Lanette FRANCO,APPROVED
George YORK,REJECTED
Ferdinand MANN,REJECTED
Verna TYLER,APPROVED
Ernesto BOND,APPROVED
Durward BATES,REJECTED
Vern MCCONNELL,APPROVED
Paralee HOWE,REJECTED
Dedrick DAVIES,REJECTED
Ben RIGGS,REJECTED
Hazle GALLOWAY,REJECTED
Eden HANEY,REJECTED
Coy OWEN,REJECTED
Shanice GUTIERREZ,REJECTED
Lovina MARSHALL,REJECTED
Whitney OLIVER,REJECTED
Jerilyn VARGAS,REJECTED
Pleas BOWEN,APPROVED
Alba COSTA,REJECTED
Brent PARSONS,REJECTED
Shea COBB,REJECTED
Kolby CHOI,REJECTED
Ethyl COLON,REJECTED
Samantha BRYANT,REJECTED
Wm LARSEN,REJECTED
Spencer CARDENAS,REJECTED
Lindell ARMSTRONG,REJECTED
Alyse HOLLAND,REJECTED
Justus RODGERS,APPROVED
Domingo HEATH,REJECTED
Remington SHEPARD,REJECTED
Sonya BEAN,REJECTED
Lucious FLETCHER,REJECTED
Luetta CROSS,REJECTED
Tiffanie KELLER,REJECTED
Donald JENKINS,REJECTED
April EATON,REJECTED
Kaycee BAXTER,REJECTED
Channing SOTO,APPROVED
August PACHECO,REJECTED
Lindsey DAVILA,APPROVED
